,url,title
0,https://blog.naver.com/kimdonkk?Redirect=Log&logNo=222605863646,칼칼했던 부산 맛집
1,https://blog.naver.com/dmsthf9075?Redirect=Log&logNo=222603696324,따끈한 부산 맛집 공유
2,https://blog.naver.com/xfitndiet?Redirect=Log&logNo=222605769908,밀면이 인상적이었던 부산 맛집 소문난 기장 밀면전문점
3,https://blog.naver.com/yeojin0501?Redirect=Log&logNo=222606269676,부산 맛집 스키야키 오마카세 '스키야키 월'
4,https://blog.naver.com/lovellz6?Redirect=Log&logNo=222603577538,부산맛집 상국이네 떡볶이 떡볶이 밀키트로 택배주문가능해요
5,https://blog.naver.com/suu_nee?Redirect=Log&logNo=222606843566,[부산 맛집-센텀] 콘타이
6,https://blog.naver.com/4julove?Redirect=Log&logNo=222604678429,"[광안리 맛집] 수변 최고 돼지국밥 민락본점, 과연? 부산 맛집을..."
7,https://blog.naver.com/silda0o0?Redirect=Log&logNo=222603625389,"해산물밀키트, '와우전복' 부산 맛집 전복전골"
8,https://blog.naver.com/jdyo0512?Redirect=Log&logNo=222607432236,[부산맛집]이자까야 규슐랭
9,https://blog.naver.com/hy0519?Redirect=Log&logNo=222602585431,부산맛집/부산 극동돼지국밥♥/해변열차타고 맛있는 돼지국밥...
10,https://blog.naver.com/chacha4164?Redirect=Log&logNo=222606204206,"크리스마스 분위기 내고싶을땐 부산맛집 ""골든리지"""
11,https://blog.naver.com/ekthf7518?Redirect=Log&logNo=222607382318,"부산 맛집, 착한정육식당 (기장)"
12,https://blog.naver.com/berry_3_?Redirect=Log&logNo=222605134051,떡볶이 밀키트 부산 맛집 상국이네 떡볶이 택배로
13,https://blog.naver.com/plok4512?Redirect=Log&logNo=222606868990,[부산맛집] 흰여울마을 근처 분식맛집 영도 백설대학
14,https://blog.naver.com/lit-english?Redirect=Log&logNo=222605699117,감성조개 태종대 조개구이 부산맛집 영도맛집
15,https://blog.naver.com/ferr1213?Redirect=Log&logNo=222606187818,[부산맛집]막창과 꼬랑댕이살이 맛있는 풍미랑막창
16,https://blog.naver.com/shu_mi?Redirect=Log&logNo=222604696598,"[부산/맛집] 송부장 연탄 갈비, 맛 쥑이네~?"
17,https://blog.naver.com/soapdiary?Redirect=Log&logNo=222605040210,[부산맛집][부산여행][혼밥] 초량불백
18,https://blog.naver.com/sodaezzang_?Redirect=Log&logNo=222601566386,부산맛집) 대정양곱창
19,https://blog.naver.com/kdc0247?Redirect=Log&logNo=222602004675,"부산 맛집 : 초량 은하갈비, 송정 바닷속조개왕국"
20,https://blog.naver.com/bless2140?Redirect=Log&logNo=222604921150,[부산맛집]서면맛집/서면맛집추천::'칸다소바'
21,https://blog.naver.com/jdyo0512?Redirect=Log&logNo=222606576349,[부산맛집]탄화
22,https://blog.naver.com/killshine?Redirect=Log&logNo=222604495611,치즈폭탄 비주얼 수제버거 부산맛집 < 문버거>
23,https://blog.naver.com/shdltjs77?Redirect=Log&logNo=222606788148,부산) 맛집밀면! 춘하추동밀면서면본점
24,https://blog.naver.com/ajffk3137?Redirect=Log&logNo=222606803105,부산맛집추천 연산동소고기 소제이 연산점
25,https://blog.naver.com/tjffkdgu?Redirect=Log&logNo=222603777287,"[중앙모밀] 부산역맛집, 부산중앙모밀, 부산맛집"
26,https://blog.naver.com/plok4512?Redirect=Log&logNo=222607048167,[부산맛집] 깊고 진한 국물이 맛있는 일본식 라멘맛집 전포동...
27,https://blog.naver.com/qkrtnqls2977?Redirect=Log&logNo=222603037184,"[부산맛집/서면맛집] 서면nc백화점맛집, 애슐리퀸즈"
28,https://blog.naver.com/skdnrwp2003?Redirect=Log&logNo=222606892144,[부산맛집] 신세계백화점 센텀시티점 중식 맛집 싱카이...
29,https://blog.naver.com/shu_mi?Redirect=Log&logNo=222604057504,"[부산/맛집] 18번완당집, 중국 훈뚠과 비교해보자!"
30,https://blog.naver.com/ssnayoss89?Redirect=Log&logNo=222606491794,[기타 맛집] 버거인뉴욕/부산맛집/수제버거맛집
31,https://blog.naver.com/tpdus1202?Redirect=Log&logNo=222603808822,부산 맛집 :: 무쇠김치삼겹 광안점 | 삼겹살 그리고 ......
32,https://blog.naver.com/konyhouse?Redirect=Log&logNo=222606603598,부산맛집 블랙업커피 을숙도점 부산인테리어 탐방
33,https://blog.naver.com/dts286?Redirect=Log&logNo=222607053812,<부산 맛집> 해운대 맛집 막창 맛집 “해성막창 본점”
34,https://blog.naver.com/qsooji?Redirect=Log&logNo=222605546383,부산맛집/로타리양곱창센타
35,https://blog.naver.com/jungwan72?Redirect=Log&logNo=222602020807,전포동 맛집 해피치즈스마일 떡볶이 돈까스 부산맛집으로 인정
36,https://blog.naver.com/ugnet?Redirect=Log&logNo=222607221329,떡볶이 밀키트 부산맛집 상국이네 떡볶이 최고 맛있는 떡볶이...
37,https://blog.naver.com/technician0123?Redirect=Log&logNo=222605393653,부산 맛집 - 수영구 맛집 국이네 낙지 볶음
38,https://blog.naver.com/diamjyg1828?Redirect=Log&logNo=222606292308,"초필살돼지구이//부산맛집,광안리맛집,돼지고기맛집,껍데기맛집"
39,https://blog.naver.com/ahrum1122?Redirect=Log&logNo=222601414318,소연옥 / 전포밥집 / 부산맛집
40,https://blog.naver.com/tkdahr17?Redirect=Log&logNo=222606370401,"[부산맛집] 오뎅탕 맛집이라고? 아니던대,, 명성횟집"
41,https://blog.naver.com/zzz7048120?Redirect=Log&logNo=222607297559,부산맛집 상국이네 떡볶이 떡볶이 밀키트 택배로 받아 먹어보기
42,https://blog.naver.com/swing86?Redirect=Log&logNo=222605256934,부산맛집 명지카페 부산낙동강뷰 오션뷰 카페 어라우즈...
43,https://blog.naver.com/sjane01?Redirect=Log&logNo=222604238943,"부산맛집, 사상맛집, 사상밥집, 사상돌솥밥, 제일갈비마을..."
44,https://blog.naver.com/skarnd1113?Redirect=Log&logNo=222604241570,[부산맛집] 조씨할매집
45,https://blog.naver.com/zz910116?Redirect=Log&logNo=222605574100,[부산맛집] 해장도 되고 경치도 좋은 원조대구탕...
46,https://blog.naver.com/o0owvw?Redirect=Log&logNo=222605553491,부산 맛집 | 강다짐 다대포점 삼각김밥 맛집
47,https://blog.naver.com/shu_mi?Redirect=Log&logNo=222605353340,"[부산/맛집] 쌍둥이돼지국밥, 부산하면 돼지국밥이죠!!!!"
48,https://blog.naver.com/qsooji?Redirect=Log&logNo=222605010746,부산맛집/양산국밥/넘맛있다......
49,https://blog.naver.com/gamsoo?Redirect=Log&logNo=222602519420,[부산맛집] 시장분식 비빔칼국수
50,https://blog.naver.com/fanhot09?Redirect=Log&logNo=222607042403,[부산맛집] 광안리맛집 오션뷰가 보이고 분위기좋은 신선한...
51,https://blog.naver.com/lovecall3?Redirect=Log&logNo=222601829184,"[부산맛집/해운대맛집] 애견동반 가능 식당 ""샤브야"""
52,https://blog.naver.com/herothdud?Redirect=Log&logNo=222607494811,[부산맛집]남포동맛집/고향김치전골/부산3대천왕/부산김치전골...
53,https://blog.naver.com/hjhlovex3?Redirect=Log&logNo=222605719535,부산맛집 광안 스시 오마카세 - 스시하루 다녀옴 냠냠
54,https://blog.naver.com/go4349?Redirect=Log&logNo=222606290195,부산맛집 온천장맛집 커피맛집 딸기케이크맛집 [모모스커피]
55,https://blog.naver.com/99682738?Redirect=Log&logNo=222605684479,"떡볶이 밀키트, 부산맛집 상국이네 떡볶이 택배"
56,https://blog.naver.com/mycelin?Redirect=Log&logNo=222602993889,<부산맛집> 하얏트호텔 리빙룸
57,https://blog.naver.com/lddddd89?Redirect=Log&logNo=222606868387,부산맛집 수영로타리 돼지국밥 알아보자
58,https://blog.naver.com/skarnd1113?Redirect=Log&logNo=222604254529,[부산맛집] 광안리남매
59,https://blog.naver.com/hottown0314?Redirect=Log&logNo=222605182955,떡볶이 밀키트 부산맛집 상국이네 떡볶이 택배로 받아서...
60,https://blog.naver.com/fanhot09?Redirect=Log&logNo=222606926143,[부산맛집] 오션뷰횟집 푸짐한 모둠회가 맛있는 광안리 횟집...
61,https://blog.naver.com/dksdidwhdk?Redirect=Log&logNo=222603743815,부산 맛집 떡볶이 밀키트 택배 상국이네 떡볶이
62,https://blog.naver.com/bujaplanner?Redirect=Log&logNo=222604821221,"부산맛집, 해운대 맛집, 복국, 참복 밀복, 금수복국,솔치볶음"
63,https://blog.naver.com/ygym5520309?Redirect=Log&logNo=222602997689,부산맛집/세이로무시/부산여행
64,https://blog.naver.com/90doodoo?Redirect=Log&logNo=222607425038,부산맛집 팔미분식 김치말이드세요
65,https://blog.naver.com/jjujju4821?Redirect=Log&logNo=222604803658,부산맛집 (영도대포집)
66,https://blog.naver.com/sjane01?Redirect=Log&logNo=222604247629,"부산맛집, 사상맛집, 사상밥집, 사상갈비, 사상돼지갈비..."
67,https://blog.naver.com/bufsblog?Redirect=Log&logNo=222605651314,[부산 맛집 추천] 엉클밥
68,https://blog.naver.com/yjso813?Redirect=Log&logNo=222603149978,동래할매파전_부산맛집
69,https://blog.naver.com/oroom61?Redirect=Log&logNo=222605670459,2021 부산 불꽃축제 기본정보... 확인 (+feat. 부산 맛집 추천)
70,https://blog.naver.com/64-0119?Redirect=Log&logNo=222601708402,부산맛집추천 칼칼한 국물 가야포차선지국밥
71,https://blog.naver.com/knayeon23?Redirect=Log&logNo=222602955357,동네핫플-부산맛집 랜선여행하기
72,https://blog.naver.com/wngus9930?Redirect=Log&logNo=222606044365,건강한 쌈밥 [ 대궐쌈밥 ] :: 부산 맛집 추천 / 부산 기장 맛집
73,https://blog.naver.com/onlyyou1984?Redirect=Log&logNo=222602210412,먹보와 털보 부산 맛집 정리 팥빙수 돼지국밥 생새우 암소갈비
74,https://blog.naver.com/qsooji?Redirect=Log&logNo=222605645600,부산맛집/무진장횟집/붕장어회/이건꼭먹어야대!!!
75,https://blog.naver.com/herothdud?Redirect=Log&logNo=222606641853,[부산맛집]남포동맛집/냉삼집/고기집추천/냉동삼겹살/남포동밥집
76,https://blog.naver.com/dmsdms0310?Redirect=Log&logNo=222604798610,[부산맛집]기장맛집 료코
77,https://blog.naver.com/kt_silver?Redirect=Log&logNo=222606831199,떡볶이 밀키트 부산 맛집 상국이네 떡볶이 택배로 받아 홈파티...
78,https://blog.naver.com/kainnkainn?Redirect=Log&logNo=222601553420,"사하구 배달맛집 ] 와스에 초밥 - 내돈내산, 부산 맛집"
79,https://blog.naver.com/leeyeinn?Redirect=Log&logNo=222607025319,부산 맛집편
80,https://blog.naver.com/loneyman79?Redirect=Log&logNo=222602431164,[부산맛집] 짚불곰장어로 유명한 기장종가집곰장어
81,https://blog.naver.com/jda8342?Redirect=Log&logNo=222603746228,행복했던 부산 맛집 가야밀면
82,https://blog.naver.com/garohee?Redirect=Log&logNo=222604649784,[부산 맛집 / 화명 맛집] 김영태스시앤사시미마을 부산 화명점
83,https://blog.naver.com/jjujju4821?Redirect=Log&logNo=222604812573,부산맛집 (영도맛집)
84,https://blog.naver.com/ohj7477?Redirect=Log&logNo=222604342489,[부산맛집] 부산해운대 맛집 해목
85,https://blog.naver.com/rlawlghks3544?Redirect=Log&logNo=222601922254,부산맛집 - 고기도감 연산토곡점!!
86,https://blog.naver.com/rkdtntkssk1?Redirect=Log&logNo=222603729810,[부산맛집/서면맛집]서면1번가 해물왕 석화
87,https://blog.naver.com/lalalalala6256?Redirect=Log&logNo=222606090954,[부산 맛집] 영진돼지국밥 지사동직영점
88,https://blog.naver.com/tmessage?Redirect=Log&logNo=222605997065,[부산맛집][남포동맛집][곱닭곱닭] 곱창을 닭도리탕에 넣으면...
89,https://blog.naver.com/afloweryroad?Redirect=Log&logNo=222605635372,부산맛집 연산동맛집 배포장
90,https://blog.naver.com/garohee?Redirect=Log&logNo=222607149715,[부산 맛집 / 연산동 맛집] 연어와 돈코츠나베가 맛있는...
91,https://blog.naver.com/qkralwh6796?Redirect=Log&logNo=222603655382,오늘은 부산 맛집 본전돼지국밥 다녀왔어요!
92,https://blog.naver.com/qkrwlgns9513?Redirect=Log&logNo=222602183562,부산맛집인 미경이네 부산
93,https://blog.naver.com/mongsil6452?Redirect=Log&logNo=222606240782,[부산 맛집] 동래 중식 맛집 미미루 211227
94,https://blog.naver.com/mongsil6452?Redirect=Log&logNo=222605016377,[부산 맛집] 샤브샤브 맛집 해운대 달맛이 샤브야 211225
95,https://blog.naver.com/mongsil6452?Redirect=Log&logNo=222605021998,[부산 맛집] 기장 카페 채플린 211225
96,https://blog.naver.com/ya824ya?Redirect=Log&logNo=222605672057,부산 맛집 상국이네 떡볶이 밀키트 택배 가능해요!
97,https://blog.naver.com/jinhoons2?Redirect=Log&logNo=222607570863,부산맛집/해운대맛집 맛있는 한끼 하숙집
98,https://blog.naver.com/0ddugi5170?Redirect=Log&logNo=222603458465,부산맛집탐방 선녀재첩국 해금강꼼장어 내돈내먹 후기
99,https://blog.naver.com/silverilea?Redirect=Log&logNo=222605704692,"부산맛집, 칠암사계"
100,https://blog.naver.com/garohee?Redirect=Log&logNo=222605349679,"[부산 맛집 / 해운대 맛집] 우동 최강 달인의 맛집, 미식가의 우동"
101,https://blog.naver.com/funny6943?Redirect=Log&logNo=222604031874,부산맛집)) 어느 멋진날 바다보며 점심
102,https://blog.naver.com/qsooji?Redirect=Log&logNo=222604801349,부산맛집/초량밀면
103,https://blog.naver.com/technician0123?Redirect=Log&logNo=222603263966,부산 맛집 - 남포동 국제시장 맛집 산해갈비
104,https://blog.naver.com/glasowkghkdlxld?Redirect=Log&logNo=222602082691,부산맛집모음
105,https://blog.naver.com/hardykenjo?Redirect=Log&logNo=222606580462,부산하단맛집 해운대31센치칼국수 부산맛집
106,https://blog.naver.com/jhn9557?Redirect=Log&logNo=222605049229,부산맛집/분위기좋은술집/부산 해운대구 우동 '한술옥'
107,https://blog.naver.com/luckylaki77?Redirect=Log&logNo=222603958708,리프레쉬 브런치후기[망리단길 브런치 카페][부산맛집]
108,https://blog.naver.com/jebee21?Redirect=Log&logNo=222604175373,(부산맛집)오복미역
109,https://blog.naver.com/areum2803?Redirect=Log&logNo=222603576296,[부산맛집] 부산 서면 이색음식 “더블링”
110,https://blog.naver.com/heyhyoju?Redirect=Log&logNo=222603017688,[부산 맛집] [광안리 돼지국밥 추천] 창녕돼지국밥
111,https://blog.naver.com/whomadeit?Redirect=Log&logNo=222603479802,"[부산맛집] 해운대 특양맛집, 모임장소 저녁식사"
112,https://blog.naver.com/honeydate?Redirect=Log&logNo=222603375241,[부산맛집/여행]부산 광안리 맛집 해장의 성지 :: 바로해장...
113,https://blog.naver.com/dydy1617?Redirect=Log&logNo=222606994519,"(부산맛집/광복동맛집) 고등어조림이 예술 ""섬진강재첩국"""
114,https://blog.naver.com/go4349?Redirect=Log&logNo=222603252376,부산맛집 동래맛집 떡볶이맛집 [동대문엽기떡볶이]
115,https://blog.naver.com/shfofjqbfl?Redirect=Log&logNo=222604312053,부산맛집/양정맛집 오징어튀김이 통채로 올라간 파스타 맛집...
116,https://blog.naver.com/tkd0708?Redirect=Log&logNo=222606268492,"북경오리, 양꼬치, 영도북경오리, 영도양꼬치, 영도맛집, 부산맛집"
117,https://blog.naver.com/eunhoobaby?Redirect=Log&logNo=222605934924,사하구 신평 김밥 맛집... 스팸김밥이 맛있는 부산 맛집
118,https://blog.naver.com/sooyani0204?Redirect=Log&logNo=222607529783,[부산여행/부산맛집추천]... 연화리해녀촌 진짜 다 부산 찐 맛집
119,https://blog.naver.com/you1ovesun?Redirect=Log&logNo=222606712829,부산대 맛집 조개반장 부산 조개구이맛집 부산핫플 부산맛집...
120,https://blog.naver.com/disdains?Redirect=Log&logNo=222605883253,부산 맛집이라는 해운대 암소갈비집 대기 1시간 이상이지만...
121,https://blog.naver.com/tmessage?Redirect=Log&logNo=222602882899,[부산맛집][서면맛집][부잣집밀면] 싸고 맛있는 밀면
122,https://blog.naver.com/yujinyb?Redirect=Log&logNo=222605786214,"홍대개미 ""방문후기!!/부산맛집추천/부산덮밥/용호동맛집"
123,https://blog.naver.com/sim0_0l?Redirect=Log&logNo=222604956824,"[부산맛집] 부산 서면 소고기, 곱창 맛집 '곱다'"
124,https://blog.naver.com/gksdofl221?Redirect=Log&logNo=222606999760,"해운대 31cm 해물칼국수 명지점 :: 부산 맛집, 조개가 한 가득한..."
125,https://blog.naver.com/lalalalala6256?Redirect=Log&logNo=222602884770,[부산 맛집] 전포 올드욕카페
126,https://blog.naver.com/yjoshjh?Redirect=Log&logNo=222606436875,[6년 전 오늘] [부산 맛집] 남포식당 : 남부민동 복국 전문 식당
127,https://blog.naver.com/march__9?Redirect=Log&logNo=222602460280,"부산 24시간 여행코스, 어반자카파 콘서트 부산, 부산 맛집..."
128,https://blog.naver.com/dw001221?Redirect=Log&logNo=222606685896,"광안리회, 광안리여행, 광안리맛집, 부산맛집, 부산여행)"
129,https://blog.naver.com/zhddlrnldudnj?Redirect=Log&logNo=222604472439,부산여행/부산맛집 문화양곱창 / 문화양곱창 B-7
130,https://blog.naver.com/tmessage?Redirect=Log&logNo=222602127042,[부산맛집][본가 낙지볶음] 범일동 조방 낙지볶음의 원조
131,https://blog.naver.com/npcompany?Redirect=Log&logNo=222603216752,[부산맛집/해운대] 부산에선 단연 원픽 of 탑픽~ 한우 갈비 by...
132,https://blog.naver.com/vlcl1?Redirect=Log&logNo=222601696998,[부산맛집] 부산금수복국
133,https://blog.naver.com/huacaya?Redirect=Log&logNo=222602200055,부산 맛집 리스트 1 - 신발원 | 해운대암소갈비 | 다리집
134,https://blog.naver.com/dkwl0612?Redirect=Log&logNo=222601747837,[부산/맛집]진한 국물의 인생 라멘 서면 라멘야 방문 후기
135,https://blog.naver.com/kkdu1011?Redirect=Log&logNo=222605384385,[부산맛집/사상맛집]KFC : '타워버거+블랙라벨양념치킨...
136,https://blog.naver.com/dnwjd_0727?Redirect=Log&logNo=222605126701,[부산/맛집] 막걸리 한잔하기 딱 좋은 남천동 황해도(feat....
137,https://blog.naver.com/tkzn0708?Redirect=Log&logNo=222606518474,[부산맛집] 동대신동맛집 꼭 먹어봐야할 푸짐하고 신선한 횟집...
138,https://blog.naver.com/tmdwo1301?Redirect=Log&logNo=222601913560,부산여행 광안리 참치... 하이볼 먹고왔어요! 부산맛집 참치맛집
139,https://blog.naver.com/73lila?Redirect=Log&logNo=222603527130,업무 협의는 우선 #먹거리 부터 #니즈인 파트너와 #부산맛집탐방
140,https://blog.naver.com/dark_kat?Redirect=Log&logNo=222605166583,순례 ] 부산디저트맛집... 남천역 보성녹차팥빙수 # 부산맛집여행
141,https://blog.naver.com/borilove147?Redirect=Log&logNo=222606035854,부산맛집을 추천합니다. 미경이네 부산 ^^
142,https://blog.naver.com/minwooown6?Redirect=Log&logNo=222603196680,부산맛집 서면맛집 송정호일식집 코스요리 오마카세 일식
143,https://blog.naver.com/iieerr?Redirect=Log&logNo=222601938559,[부산맛집] 기장군 정관 숯불갈비전문점 '공원1번지'
144,https://blog.naver.com/l572?Redirect=Log&logNo=222375003547,[음굿] 초원복국 밀복 | 부산맛집 대연동맛집...
145,https://blog.naver.com/vkapsh?Redirect=Log&logNo=222602732799,든든한 한끼 뚝딱 ::전포 맛집 서면 맛집 부산맛집 부산맛집추천
146,https://blog.naver.com/meatuncle?Redirect=Log&logNo=222606422064,소개되었던 부산생선구이맛집/40년전통 한월식당/부산맛집
147,https://blog.naver.com/jyjyjy20?Redirect=Log&logNo=222603564614,[부산맛집/해운대맛집]줄서서 먹는 해운대암소갈비집 생갈비
148,https://blog.naver.com/yujinyb?Redirect=Log&logNo=222602655087,/부산칼국수맛집/부산맛집추천/토곡맛집/연산동맛집
149,https://blog.naver.com/alswnsdl85?Redirect=Log&logNo=222604272378,가성비 좋은 부산맛집 미경이네 부산
150,https://blog.naver.com/nostalgia2141?Redirect=Log&logNo=222603065095,부산 맛집 공부 '동네핫플'
151,https://blog.naver.com/alswnsdl85?Redirect=Log&logNo=222603953122,밥과 술이 다되는 부산맛집 대도맛도둑
152,https://blog.naver.com/dydy1617?Redirect=Log&logNo=222602059952,"(부산맛집/중앙동맛집) 맛있고 가격괜춘한 양고기 ""양빠"""
153,https://blog.naver.com/qkrtpdks1?Redirect=Log&logNo=222605224560,"추천]-""18번 완당집""(남포동맛집/완당맛집/부산중구맛집/부산맛집)"
154,https://blog.naver.com/nh_1999?Redirect=Log&logNo=222603920876,부산 여행기 세번째 이야기 #호천마을 #해운대 #부산맛집
155,https://blog.naver.com/yjoshjh?Redirect=Log&logNo=222602467062,[6년 전 오늘] [부산 맛집] 선어마을 : 자갈치역(충무동) 선어회...
156,https://blog.naver.com/im0845?Redirect=Log&logNo=222602322121,[부산맛집] 구덕포끝집고기... 전포고기집추천/부산고깃집추천...
157,https://blog.naver.com/altvntm0?Redirect=Log&logNo=222603108624,싱싱한 해산물 가득한 부산맛집 미경이네 부산
158,https://blog.naver.com/hye5637?Redirect=Log&logNo=222603494742,//부산맛집//[해운대맛집]족타방식 자가제면으로 쫀득한...
159,https://blog.naver.com/naneng?Redirect=Log&logNo=222607261180,"부산맛집[문토스트, 첨벙]"
160,https://blog.naver.com/dw001221?Redirect=Log&logNo=222607455701,"두넛샵광안리, 광안리빵맛집, 부산여행, 광안리여행, 부산맛집)"
161,https://blog.naver.com/cou001?Redirect=Log&logNo=222601815615,용당점 서비스쿠폰 행복한쿠폰APP 부산맛집 짬뽕맛집 외식식당]
162,https://blog.naver.com/cev323?Redirect=Log&logNo=222601459977,캠핑음식 밀키트추천 크리스마스 부산맛집 닭도리탕맛집
163,https://blog.naver.com/tjsdn2010?Redirect=Log&logNo=222601572885,부산 맛집 :: 해운대 기와집 대구당/부산현지인추천맛집...
164,https://blog.naver.com/dudrhks3024?Redirect=Log&logNo=222604284205,■ 싱싱하고 담백한 조개를 맛보시려면 부산맛집 미경이네 부산...
165,https://blog.naver.com/ymj0613?Redirect=Log&logNo=222606801471,[부산맛집]부산하면 돼지국밥!! 오복돼지국밥
166,https://blog.naver.com/shu_mi?Redirect=Log&logNo=222606443117,[부산/맛집] 우대갈비 찐은 역시 로아누 였어!
167,https://blog.naver.com/bullion08124?Redirect=Log&logNo=222601415769,부산맛집 / 병내골역 맛집추천 / 대도맛도둑
168,https://blog.naver.com/hb2skmc?Redirect=Log&logNo=222606330774,부산맛집:톤쇼우 (부산대점)
169,https://blog.naver.com/taehui4291?Redirect=Log&logNo=222603755621,#부산맛집 #부산금정구금정산 #헤이든씬시어
170,https://blog.naver.com/hyeondi3377?Redirect=Log&logNo=222605967915,"""부산 맛집 수영돼지국밥 부산 국밥 맛집 추천!"
171,https://blog.naver.com/pej970206?Redirect=Log&logNo=222606242148,부산 맛집 | 민락동 미락슈퍼 한식 제철요리 오마카세
172,https://blog.naver.com/dbswn1004?Redirect=Log&logNo=222605314463,부산맛집 : : 딤섬맛집 해운대 센텀시티점 딤딤섬
173,https://blog.naver.com/fascinoya?Redirect=Log&logNo=222602592733,[부산 맛집] 라이온식당 (쏘쏘) - 부경대 앞 동파육 덮밥...
174,https://blog.naver.com/lay8983?Redirect=Log&logNo=222602263691,"[부산맛집] 트러플 크림 파스타맛집, 안쵸비"
175,https://blog.naver.com/dang0724?Redirect=Log&logNo=222606106063,부산맛집 | 학장맛집 '가야정 삼계탕'
176,https://blog.naver.com/kminiiii?Redirect=Log&logNo=222605605374,"켈리 또 부산 | 맛집과 디저트를 뿌수는,, 천국의계단으로..."
177,https://blog.naver.com/jybrotherkk?Redirect=Log&logNo=222603557254,[맛집리뷰]부산맛집 부산여행 부산숨은맛집 부산찐맛집...
178,https://blog.naver.com/99241050?Redirect=Log&logNo=222605736563,[부산맛집/서면] 라라관
179,https://blog.naver.com/cczxx1523?Redirect=Log&logNo=222605689968,[부산맛집/기장맛집] 바릇식당
180,https://blog.naver.com/kimdonkk?Redirect=Log&logNo=222605863646,칼칼했던 부산 맛집
181,https://blog.naver.com/dmsthf9075?Redirect=Log&logNo=222603696324,따끈한 부산 맛집 공유
182,https://blog.naver.com/xfitndiet?Redirect=Log&logNo=222605769908,밀면이 인상적이었던 부산 맛집 소문난 기장 밀면전문점
183,https://blog.naver.com/yeojin0501?Redirect=Log&logNo=222606269676,부산 맛집 스키야키 오마카세 '스키야키 월'
184,https://blog.naver.com/lovellz6?Redirect=Log&logNo=222603577538,부산맛집 상국이네 떡볶이 떡볶이 밀키트로 택배주문가능해요
185,https://blog.naver.com/suu_nee?Redirect=Log&logNo=222606843566,[부산 맛집-센텀] 콘타이
186,https://blog.naver.com/4julove?Redirect=Log&logNo=222604678429,"[광안리 맛집] 수변 최고 돼지국밥 민락본점, 과연? 부산 맛집을..."
187,https://blog.naver.com/silda0o0?Redirect=Log&logNo=222603625389,"해산물밀키트, '와우전복' 부산 맛집 전복전골"
188,https://blog.naver.com/jdyo0512?Redirect=Log&logNo=222607432236,[부산맛집]이자까야 규슐랭
189,https://blog.naver.com/hy0519?Redirect=Log&logNo=222602585431,부산맛집/부산 극동돼지국밥♥/해변열차타고 맛있는 돼지국밥...
190,https://blog.naver.com/chacha4164?Redirect=Log&logNo=222606204206,"크리스마스 분위기 내고싶을땐 부산맛집 ""골든리지"""
191,https://blog.naver.com/ekthf7518?Redirect=Log&logNo=222607382318,"부산 맛집, 착한정육식당 (기장)"
192,https://blog.naver.com/berry_3_?Redirect=Log&logNo=222605134051,떡볶이 밀키트 부산 맛집 상국이네 떡볶이 택배로
193,https://blog.naver.com/plok4512?Redirect=Log&logNo=222606868990,[부산맛집] 흰여울마을 근처 분식맛집 영도 백설대학
194,https://blog.naver.com/lit-english?Redirect=Log&logNo=222605699117,감성조개 태종대 조개구이 부산맛집 영도맛집
195,https://blog.naver.com/ferr1213?Redirect=Log&logNo=222606187818,[부산맛집]막창과 꼬랑댕이살이 맛있는 풍미랑막창
196,https://blog.naver.com/shu_mi?Redirect=Log&logNo=222604696598,"[부산/맛집] 송부장 연탄 갈비, 맛 쥑이네~?"
197,https://blog.naver.com/soapdiary?Redirect=Log&logNo=222605040210,[부산맛집][부산여행][혼밥] 초량불백
198,https://blog.naver.com/sodaezzang_?Redirect=Log&logNo=222601566386,부산맛집) 대정양곱창
199,https://blog.naver.com/kdc0247?Redirect=Log&logNo=222602004675,"부산 맛집 : 초량 은하갈비, 송정 바닷속조개왕국"
200,https://blog.naver.com/bless2140?Redirect=Log&logNo=222604921150,[부산맛집]서면맛집/서면맛집추천::'칸다소바'
201,https://blog.naver.com/jdyo0512?Redirect=Log&logNo=222606576349,[부산맛집]탄화
202,https://blog.naver.com/killshine?Redirect=Log&logNo=222604495611,치즈폭탄 비주얼 수제버거 부산맛집 < 문버거>
203,https://blog.naver.com/shdltjs77?Redirect=Log&logNo=222606788148,부산) 맛집밀면! 춘하추동밀면서면본점
204,https://blog.naver.com/ajffk3137?Redirect=Log&logNo=222606803105,부산맛집추천 연산동소고기 소제이 연산점
205,https://blog.naver.com/tjffkdgu?Redirect=Log&logNo=222603777287,"[중앙모밀] 부산역맛집, 부산중앙모밀, 부산맛집"
206,https://blog.naver.com/plok4512?Redirect=Log&logNo=222607048167,[부산맛집] 깊고 진한 국물이 맛있는 일본식 라멘맛집 전포동...
207,https://blog.naver.com/qkrtnqls2977?Redirect=Log&logNo=222603037184,"[부산맛집/서면맛집] 서면nc백화점맛집, 애슐리퀸즈"
208,https://blog.naver.com/skdnrwp2003?Redirect=Log&logNo=222606892144,[부산맛집] 신세계백화점 센텀시티점 중식 맛집 싱카이...
209,https://blog.naver.com/shu_mi?Redirect=Log&logNo=222604057504,"[부산/맛집] 18번완당집, 중국 훈뚠과 비교해보자!"
210,https://blog.naver.com/ssnayoss89?Redirect=Log&logNo=222606491794,[기타 맛집] 버거인뉴욕/부산맛집/수제버거맛집
211,https://blog.naver.com/tpdus1202?Redirect=Log&logNo=222603808822,부산 맛집 :: 무쇠김치삼겹 광안점 | 삼겹살 그리고 ......
212,https://blog.naver.com/konyhouse?Redirect=Log&logNo=222606603598,부산맛집 블랙업커피 을숙도점 부산인테리어 탐방
213,https://blog.naver.com/dts286?Redirect=Log&logNo=222607053812,<부산 맛집> 해운대 맛집 막창 맛집 “해성막창 본점”
214,https://blog.naver.com/qsooji?Redirect=Log&logNo=222605546383,부산맛집/로타리양곱창센타
215,https://blog.naver.com/jungwan72?Redirect=Log&logNo=222602020807,전포동 맛집 해피치즈스마일 떡볶이 돈까스 부산맛집으로 인정
216,https://blog.naver.com/ugnet?Redirect=Log&logNo=222607221329,떡볶이 밀키트 부산맛집 상국이네 떡볶이 최고 맛있는 떡볶이...
217,https://blog.naver.com/technician0123?Redirect=Log&logNo=222605393653,부산 맛집 - 수영구 맛집 국이네 낙지 볶음
218,https://blog.naver.com/diamjyg1828?Redirect=Log&logNo=222606292308,"초필살돼지구이//부산맛집,광안리맛집,돼지고기맛집,껍데기맛집"
219,https://blog.naver.com/ahrum1122?Redirect=Log&logNo=222601414318,소연옥 / 전포밥집 / 부산맛집
220,https://blog.naver.com/tkdahr17?Redirect=Log&logNo=222606370401,"[부산맛집] 오뎅탕 맛집이라고? 아니던대,, 명성횟집"
221,https://blog.naver.com/zzz7048120?Redirect=Log&logNo=222607297559,부산맛집 상국이네 떡볶이 떡볶이 밀키트 택배로 받아 먹어보기
222,https://blog.naver.com/swing86?Redirect=Log&logNo=222605256934,부산맛집 명지카페 부산낙동강뷰 오션뷰 카페 어라우즈...
223,https://blog.naver.com/sjane01?Redirect=Log&logNo=222604238943,"부산맛집, 사상맛집, 사상밥집, 사상돌솥밥, 제일갈비마을..."
224,https://blog.naver.com/skarnd1113?Redirect=Log&logNo=222604241570,[부산맛집] 조씨할매집
225,https://blog.naver.com/zz910116?Redirect=Log&logNo=222605574100,[부산맛집] 해장도 되고 경치도 좋은 원조대구탕...
226,https://blog.naver.com/o0owvw?Redirect=Log&logNo=222605553491,부산 맛집 | 강다짐 다대포점 삼각김밥 맛집
227,https://blog.naver.com/shu_mi?Redirect=Log&logNo=222605353340,"[부산/맛집] 쌍둥이돼지국밥, 부산하면 돼지국밥이죠!!!!"
228,https://blog.naver.com/qsooji?Redirect=Log&logNo=222605010746,부산맛집/양산국밥/넘맛있다......
229,https://blog.naver.com/gamsoo?Redirect=Log&logNo=222602519420,[부산맛집] 시장분식 비빔칼국수
230,https://blog.naver.com/fanhot09?Redirect=Log&logNo=222607042403,[부산맛집] 광안리맛집 오션뷰가 보이고 분위기좋은 신선한...
231,https://blog.naver.com/lovecall3?Redirect=Log&logNo=222601829184,"[부산맛집/해운대맛집] 애견동반 가능 식당 ""샤브야"""
232,https://blog.naver.com/herothdud?Redirect=Log&logNo=222607494811,[부산맛집]남포동맛집/고향김치전골/부산3대천왕/부산김치전골...
233,https://blog.naver.com/hjhlovex3?Redirect=Log&logNo=222605719535,부산맛집 광안 스시 오마카세 - 스시하루 다녀옴 냠냠
234,https://blog.naver.com/go4349?Redirect=Log&logNo=222606290195,부산맛집 온천장맛집 커피맛집 딸기케이크맛집 [모모스커피]
235,https://blog.naver.com/99682738?Redirect=Log&logNo=222605684479,"떡볶이 밀키트, 부산맛집 상국이네 떡볶이 택배"
236,https://blog.naver.com/mycelin?Redirect=Log&logNo=222602993889,<부산맛집> 하얏트호텔 리빙룸
237,https://blog.naver.com/lddddd89?Redirect=Log&logNo=222606868387,부산맛집 수영로타리 돼지국밥 알아보자
238,https://blog.naver.com/skarnd1113?Redirect=Log&logNo=222604254529,[부산맛집] 광안리남매
239,https://blog.naver.com/hottown0314?Redirect=Log&logNo=222605182955,떡볶이 밀키트 부산맛집 상국이네 떡볶이 택배로 받아서...
240,https://blog.naver.com/fanhot09?Redirect=Log&logNo=222606926143,[부산맛집] 오션뷰횟집 푸짐한 모둠회가 맛있는 광안리 횟집...
241,https://blog.naver.com/dksdidwhdk?Redirect=Log&logNo=222603743815,부산 맛집 떡볶이 밀키트 택배 상국이네 떡볶이
242,https://blog.naver.com/bujaplanner?Redirect=Log&logNo=222604821221,"부산맛집, 해운대 맛집, 복국, 참복 밀복, 금수복국,솔치볶음"
243,https://blog.naver.com/ygym5520309?Redirect=Log&logNo=222602997689,부산맛집/세이로무시/부산여행
244,https://blog.naver.com/90doodoo?Redirect=Log&logNo=222607425038,부산맛집 팔미분식 김치말이드세요
245,https://blog.naver.com/jjujju4821?Redirect=Log&logNo=222604803658,부산맛집 (영도대포집)
246,https://blog.naver.com/sjane01?Redirect=Log&logNo=222604247629,"부산맛집, 사상맛집, 사상밥집, 사상갈비, 사상돼지갈비..."
247,https://blog.naver.com/bufsblog?Redirect=Log&logNo=222605651314,[부산 맛집 추천] 엉클밥
248,https://blog.naver.com/yjso813?Redirect=Log&logNo=222603149978,동래할매파전_부산맛집
249,https://blog.naver.com/oroom61?Redirect=Log&logNo=222605670459,2021 부산 불꽃축제 기본정보... 확인 (+feat. 부산 맛집 추천)
250,https://blog.naver.com/64-0119?Redirect=Log&logNo=222601708402,부산맛집추천 칼칼한 국물 가야포차선지국밥
251,https://blog.naver.com/knayeon23?Redirect=Log&logNo=222602955357,동네핫플-부산맛집 랜선여행하기
252,https://blog.naver.com/wngus9930?Redirect=Log&logNo=222606044365,건강한 쌈밥 [ 대궐쌈밥 ] :: 부산 맛집 추천 / 부산 기장 맛집
253,https://blog.naver.com/onlyyou1984?Redirect=Log&logNo=222602210412,먹보와 털보 부산 맛집 정리 팥빙수 돼지국밥 생새우 암소갈비
254,https://blog.naver.com/qsooji?Redirect=Log&logNo=222605645600,부산맛집/무진장횟집/붕장어회/이건꼭먹어야대!!!
255,https://blog.naver.com/herothdud?Redirect=Log&logNo=222606641853,[부산맛집]남포동맛집/냉삼집/고기집추천/냉동삼겹살/남포동밥집
256,https://blog.naver.com/dmsdms0310?Redirect=Log&logNo=222604798610,[부산맛집]기장맛집 료코
257,https://blog.naver.com/kt_silver?Redirect=Log&logNo=222606831199,떡볶이 밀키트 부산 맛집 상국이네 떡볶이 택배로 받아 홈파티...
258,https://blog.naver.com/kainnkainn?Redirect=Log&logNo=222601553420,"사하구 배달맛집 ] 와스에 초밥 - 내돈내산, 부산 맛집"
259,https://blog.naver.com/leeyeinn?Redirect=Log&logNo=222607025319,부산 맛집편
260,https://blog.naver.com/loneyman79?Redirect=Log&logNo=222602431164,[부산맛집] 짚불곰장어로 유명한 기장종가집곰장어
261,https://blog.naver.com/jda8342?Redirect=Log&logNo=222603746228,행복했던 부산 맛집 가야밀면
262,https://blog.naver.com/garohee?Redirect=Log&logNo=222604649784,[부산 맛집 / 화명 맛집] 김영태스시앤사시미마을 부산 화명점
263,https://blog.naver.com/jjujju4821?Redirect=Log&logNo=222604812573,부산맛집 (영도맛집)
264,https://blog.naver.com/ohj7477?Redirect=Log&logNo=222604342489,[부산맛집] 부산해운대 맛집 해목
265,https://blog.naver.com/rlawlghks3544?Redirect=Log&logNo=222601922254,부산맛집 - 고기도감 연산토곡점!!
266,https://blog.naver.com/rkdtntkssk1?Redirect=Log&logNo=222603729810,[부산맛집/서면맛집]서면1번가 해물왕 석화
267,https://blog.naver.com/lalalalala6256?Redirect=Log&logNo=222606090954,[부산 맛집] 영진돼지국밥 지사동직영점
268,https://blog.naver.com/tmessage?Redirect=Log&logNo=222605997065,[부산맛집][남포동맛집][곱닭곱닭] 곱창을 닭도리탕에 넣으면...
269,https://blog.naver.com/afloweryroad?Redirect=Log&logNo=222605635372,부산맛집 연산동맛집 배포장
270,https://blog.naver.com/garohee?Redirect=Log&logNo=222607149715,[부산 맛집 / 연산동 맛집] 연어와 돈코츠나베가 맛있는...
271,https://blog.naver.com/qkralwh6796?Redirect=Log&logNo=222603655382,오늘은 부산 맛집 본전돼지국밥 다녀왔어요!
272,https://blog.naver.com/qkrwlgns9513?Redirect=Log&logNo=222602183562,부산맛집인 미경이네 부산
273,https://blog.naver.com/mongsil6452?Redirect=Log&logNo=222606240782,[부산 맛집] 동래 중식 맛집 미미루 211227
274,https://blog.naver.com/mongsil6452?Redirect=Log&logNo=222605016377,[부산 맛집] 샤브샤브 맛집 해운대 달맛이 샤브야 211225
275,https://blog.naver.com/mongsil6452?Redirect=Log&logNo=222605021998,[부산 맛집] 기장 카페 채플린 211225
276,https://blog.naver.com/ya824ya?Redirect=Log&logNo=222605672057,부산 맛집 상국이네 떡볶이 밀키트 택배 가능해요!
277,https://blog.naver.com/jinhoons2?Redirect=Log&logNo=222607570863,부산맛집/해운대맛집 맛있는 한끼 하숙집
278,https://blog.naver.com/0ddugi5170?Redirect=Log&logNo=222603458465,부산맛집탐방 선녀재첩국 해금강꼼장어 내돈내먹 후기
279,https://blog.naver.com/silverilea?Redirect=Log&logNo=222605704692,"부산맛집, 칠암사계"
280,https://blog.naver.com/garohee?Redirect=Log&logNo=222605349679,"[부산 맛집 / 해운대 맛집] 우동 최강 달인의 맛집, 미식가의 우동"
281,https://blog.naver.com/funny6943?Redirect=Log&logNo=222604031874,부산맛집)) 어느 멋진날 바다보며 점심
282,https://blog.naver.com/qsooji?Redirect=Log&logNo=222604801349,부산맛집/초량밀면
283,https://blog.naver.com/technician0123?Redirect=Log&logNo=222603263966,부산 맛집 - 남포동 국제시장 맛집 산해갈비
284,https://blog.naver.com/glasowkghkdlxld?Redirect=Log&logNo=222602082691,부산맛집모음
285,https://blog.naver.com/hardykenjo?Redirect=Log&logNo=222606580462,부산하단맛집 해운대31센치칼국수 부산맛집
286,https://blog.naver.com/jhn9557?Redirect=Log&logNo=222605049229,부산맛집/분위기좋은술집/부산 해운대구 우동 '한술옥'
287,https://blog.naver.com/luckylaki77?Redirect=Log&logNo=222603958708,리프레쉬 브런치후기[망리단길 브런치 카페][부산맛집]
288,https://blog.naver.com/jebee21?Redirect=Log&logNo=222604175373,(부산맛집)오복미역
289,https://blog.naver.com/areum2803?Redirect=Log&logNo=222603576296,[부산맛집] 부산 서면 이색음식 “더블링”
290,https://blog.naver.com/heyhyoju?Redirect=Log&logNo=222603017688,[부산 맛집] [광안리 돼지국밥 추천] 창녕돼지국밥
291,https://blog.naver.com/whomadeit?Redirect=Log&logNo=222603479802,"[부산맛집] 해운대 특양맛집, 모임장소 저녁식사"
292,https://blog.naver.com/honeydate?Redirect=Log&logNo=222603375241,[부산맛집/여행]부산 광안리 맛집 해장의 성지 :: 바로해장...
293,https://blog.naver.com/dydy1617?Redirect=Log&logNo=222606994519,"(부산맛집/광복동맛집) 고등어조림이 예술 ""섬진강재첩국"""
294,https://blog.naver.com/go4349?Redirect=Log&logNo=222603252376,부산맛집 동래맛집 떡볶이맛집 [동대문엽기떡볶이]
295,https://blog.naver.com/shfofjqbfl?Redirect=Log&logNo=222604312053,부산맛집/양정맛집 오징어튀김이 통채로 올라간 파스타 맛집...
296,https://blog.naver.com/tkd0708?Redirect=Log&logNo=222606268492,"북경오리, 양꼬치, 영도북경오리, 영도양꼬치, 영도맛집, 부산맛집"
297,https://blog.naver.com/eunhoobaby?Redirect=Log&logNo=222605934924,사하구 신평 김밥 맛집... 스팸김밥이 맛있는 부산 맛집
298,https://blog.naver.com/sooyani0204?Redirect=Log&logNo=222607529783,[부산여행/부산맛집추천]... 연화리해녀촌 진짜 다 부산 찐 맛집
299,https://blog.naver.com/you1ovesun?Redirect=Log&logNo=222606712829,부산대 맛집 조개반장 부산 조개구이맛집 부산핫플 부산맛집...
300,https://blog.naver.com/disdains?Redirect=Log&logNo=222605883253,부산 맛집이라는 해운대 암소갈비집 대기 1시간 이상이지만...
301,https://blog.naver.com/tmessage?Redirect=Log&logNo=222602882899,[부산맛집][서면맛집][부잣집밀면] 싸고 맛있는 밀면
302,https://blog.naver.com/yujinyb?Redirect=Log&logNo=222605786214,"홍대개미 ""방문후기!!/부산맛집추천/부산덮밥/용호동맛집"
303,https://blog.naver.com/sim0_0l?Redirect=Log&logNo=222604956824,"[부산맛집] 부산 서면 소고기, 곱창 맛집 '곱다'"
304,https://blog.naver.com/gksdofl221?Redirect=Log&logNo=222606999760,"해운대 31cm 해물칼국수 명지점 :: 부산 맛집, 조개가 한 가득한..."
305,https://blog.naver.com/lalalalala6256?Redirect=Log&logNo=222602884770,[부산 맛집] 전포 올드욕카페
306,https://blog.naver.com/yjoshjh?Redirect=Log&logNo=222606436875,[6년 전 오늘] [부산 맛집] 남포식당 : 남부민동 복국 전문 식당
307,https://blog.naver.com/march__9?Redirect=Log&logNo=222602460280,"부산 24시간 여행코스, 어반자카파 콘서트 부산, 부산 맛집..."
308,https://blog.naver.com/dw001221?Redirect=Log&logNo=222606685896,"광안리회, 광안리여행, 광안리맛집, 부산맛집, 부산여행)"
309,https://blog.naver.com/zhddlrnldudnj?Redirect=Log&logNo=222604472439,부산여행/부산맛집 문화양곱창 / 문화양곱창 B-7
310,https://blog.naver.com/tmessage?Redirect=Log&logNo=222602127042,[부산맛집][본가 낙지볶음] 범일동 조방 낙지볶음의 원조
311,https://blog.naver.com/npcompany?Redirect=Log&logNo=222603216752,[부산맛집/해운대] 부산에선 단연 원픽 of 탑픽~ 한우 갈비 by...
312,https://blog.naver.com/vlcl1?Redirect=Log&logNo=222601696998,[부산맛집] 부산금수복국
313,https://blog.naver.com/huacaya?Redirect=Log&logNo=222602200055,부산 맛집 리스트 1 - 신발원 | 해운대암소갈비 | 다리집
314,https://blog.naver.com/dkwl0612?Redirect=Log&logNo=222601747837,[부산/맛집]진한 국물의 인생 라멘 서면 라멘야 방문 후기
315,https://blog.naver.com/kkdu1011?Redirect=Log&logNo=222605384385,[부산맛집/사상맛집]KFC : '타워버거+블랙라벨양념치킨...
316,https://blog.naver.com/dnwjd_0727?Redirect=Log&logNo=222605126701,[부산/맛집] 막걸리 한잔하기 딱 좋은 남천동 황해도(feat....
317,https://blog.naver.com/tkzn0708?Redirect=Log&logNo=222606518474,[부산맛집] 동대신동맛집 꼭 먹어봐야할 푸짐하고 신선한 횟집...
318,https://blog.naver.com/tmdwo1301?Redirect=Log&logNo=222601913560,부산여행 광안리 참치... 하이볼 먹고왔어요! 부산맛집 참치맛집
319,https://blog.naver.com/73lila?Redirect=Log&logNo=222603527130,업무 협의는 우선 #먹거리 부터 #니즈인 파트너와 #부산맛집탐방
320,https://blog.naver.com/dark_kat?Redirect=Log&logNo=222605166583,순례 ] 부산디저트맛집... 남천역 보성녹차팥빙수 # 부산맛집여행
321,https://blog.naver.com/borilove147?Redirect=Log&logNo=222606035854,부산맛집을 추천합니다. 미경이네 부산 ^^
322,https://blog.naver.com/minwooown6?Redirect=Log&logNo=222603196680,부산맛집 서면맛집 송정호일식집 코스요리 오마카세 일식
323,https://blog.naver.com/iieerr?Redirect=Log&logNo=222601938559,[부산맛집] 기장군 정관 숯불갈비전문점 '공원1번지'
324,https://blog.naver.com/l572?Redirect=Log&logNo=222375003547,[음굿] 초원복국 밀복 | 부산맛집 대연동맛집...
325,https://blog.naver.com/vkapsh?Redirect=Log&logNo=222602732799,든든한 한끼 뚝딱 ::전포 맛집 서면 맛집 부산맛집 부산맛집추천
326,https://blog.naver.com/meatuncle?Redirect=Log&logNo=222606422064,소개되었던 부산생선구이맛집/40년전통 한월식당/부산맛집
327,https://blog.naver.com/jyjyjy20?Redirect=Log&logNo=222603564614,[부산맛집/해운대맛집]줄서서 먹는 해운대암소갈비집 생갈비
328,https://blog.naver.com/yujinyb?Redirect=Log&logNo=222602655087,/부산칼국수맛집/부산맛집추천/토곡맛집/연산동맛집
329,https://blog.naver.com/alswnsdl85?Redirect=Log&logNo=222604272378,가성비 좋은 부산맛집 미경이네 부산
330,https://blog.naver.com/nostalgia2141?Redirect=Log&logNo=222603065095,부산 맛집 공부 '동네핫플'
331,https://blog.naver.com/alswnsdl85?Redirect=Log&logNo=222603953122,밥과 술이 다되는 부산맛집 대도맛도둑
332,https://blog.naver.com/dydy1617?Redirect=Log&logNo=222602059952,"(부산맛집/중앙동맛집) 맛있고 가격괜춘한 양고기 ""양빠"""
333,https://blog.naver.com/qkrtpdks1?Redirect=Log&logNo=222605224560,"추천]-""18번 완당집""(남포동맛집/완당맛집/부산중구맛집/부산맛집)"
334,https://blog.naver.com/nh_1999?Redirect=Log&logNo=222603920876,부산 여행기 세번째 이야기 #호천마을 #해운대 #부산맛집
335,https://blog.naver.com/yjoshjh?Redirect=Log&logNo=222602467062,[6년 전 오늘] [부산 맛집] 선어마을 : 자갈치역(충무동) 선어회...
336,https://blog.naver.com/im0845?Redirect=Log&logNo=222602322121,[부산맛집] 구덕포끝집고기... 전포고기집추천/부산고깃집추천...
337,https://blog.naver.com/altvntm0?Redirect=Log&logNo=222603108624,싱싱한 해산물 가득한 부산맛집 미경이네 부산
338,https://blog.naver.com/hye5637?Redirect=Log&logNo=222603494742,//부산맛집//[해운대맛집]족타방식 자가제면으로 쫀득한...
339,https://blog.naver.com/naneng?Redirect=Log&logNo=222607261180,"부산맛집[문토스트, 첨벙]"
340,https://blog.naver.com/dw001221?Redirect=Log&logNo=222607455701,"두넛샵광안리, 광안리빵맛집, 부산여행, 광안리여행, 부산맛집)"
341,https://blog.naver.com/cou001?Redirect=Log&logNo=222601815615,용당점 서비스쿠폰 행복한쿠폰APP 부산맛집 짬뽕맛집 외식식당]
342,https://blog.naver.com/cev323?Redirect=Log&logNo=222601459977,캠핑음식 밀키트추천 크리스마스 부산맛집 닭도리탕맛집
343,https://blog.naver.com/tjsdn2010?Redirect=Log&logNo=222601572885,부산 맛집 :: 해운대 기와집 대구당/부산현지인추천맛집...
344,https://blog.naver.com/dudrhks3024?Redirect=Log&logNo=222604284205,■ 싱싱하고 담백한 조개를 맛보시려면 부산맛집 미경이네 부산...
345,https://blog.naver.com/ymj0613?Redirect=Log&logNo=222606801471,[부산맛집]부산하면 돼지국밥!! 오복돼지국밥
346,https://blog.naver.com/shu_mi?Redirect=Log&logNo=222606443117,[부산/맛집] 우대갈비 찐은 역시 로아누 였어!
347,https://blog.naver.com/bullion08124?Redirect=Log&logNo=222601415769,부산맛집 / 병내골역 맛집추천 / 대도맛도둑
348,https://blog.naver.com/hb2skmc?Redirect=Log&logNo=222606330774,부산맛집:톤쇼우 (부산대점)
349,https://blog.naver.com/taehui4291?Redirect=Log&logNo=222603755621,#부산맛집 #부산금정구금정산 #헤이든씬시어
350,https://blog.naver.com/hyeondi3377?Redirect=Log&logNo=222605967915,"""부산 맛집 수영돼지국밥 부산 국밥 맛집 추천!"
351,https://blog.naver.com/pej970206?Redirect=Log&logNo=222606242148,부산 맛집 | 민락동 미락슈퍼 한식 제철요리 오마카세
352,https://blog.naver.com/dbswn1004?Redirect=Log&logNo=222605314463,부산맛집 : : 딤섬맛집 해운대 센텀시티점 딤딤섬
353,https://blog.naver.com/fascinoya?Redirect=Log&logNo=222602592733,[부산 맛집] 라이온식당 (쏘쏘) - 부경대 앞 동파육 덮밥...
354,https://blog.naver.com/lay8983?Redirect=Log&logNo=222602263691,"[부산맛집] 트러플 크림 파스타맛집, 안쵸비"
355,https://blog.naver.com/dang0724?Redirect=Log&logNo=222606106063,부산맛집 | 학장맛집 '가야정 삼계탕'
356,https://blog.naver.com/kminiiii?Redirect=Log&logNo=222605605374,"켈리 또 부산 | 맛집과 디저트를 뿌수는,, 천국의계단으로..."
357,https://blog.naver.com/jybrotherkk?Redirect=Log&logNo=222603557254,[맛집리뷰]부산맛집 부산여행 부산숨은맛집 부산찐맛집...
358,https://blog.naver.com/99241050?Redirect=Log&logNo=222605736563,[부산맛집/서면] 라라관
359,https://blog.naver.com/cczxx1523?Redirect=Log&logNo=222605689968,[부산맛집/기장맛집] 바릇식당
