,picture,date,like,tag
0,https://instagram.ficn3-4.fna.fbcdn.net/v/t51.2885-15/e35/270934974_964219314178665_8345896991750698523_n.webp.jpg?_nc_ht=instagram.ficn3-4.fna.fbcdn.net&_nc_cat=109&_nc_ohc=dScjwP4Pz5wAX_I0BLP&edm=AP_V10EBAAAA&ccb=7-4&oh=00_AT8kvkwIt3qL5GxrXIthJD5to5k5G6neYeynzKMK5N2lhA&oe=61D66B39&_nc_sid=4f375e,2021년 12월 31일,좋아요 115개,"['#서면맛집', '#서면핫플', '#서면맛집추천', '#부산서면맛집', '#서면고기집', '#서면데이트', '#서면술집', '#서면밥집', '#서면고깃집', '#서면회식', '#서면회식장소', '#부전동맛집', '#서면역맛집']"
3,https://instagram.ficn3-4.fna.fbcdn.net/v/t51.2885-15/e35/270265392_598140311294661_9072724494365051378_n.webp.jpg?_nc_ht=instagram.ficn3-4.fna.fbcdn.net&_nc_cat=109&_nc_ohc=m1jmneUwLN4AX9wwHiR&edm=AP_V10EBAAAA&ccb=7-4&oh=00_AT9giX89HAmIOMgNEHPLZwCUKsMWjEIaJ9rFrNY3ATDa5A&oe=61D4D047&_nc_sid=4f375e,2021년 12월 28일,좋아요 132개,"['#서면맛집', '#서면술집', '#부전동맛집', '#서면밥집', '#서면핫플', '#서면데이트', '#서면우육면', '#부산맛집', '#부산우육면', '#서면샤오바오우육면']"
4,https://instagram.ficn3-4.fna.fbcdn.net/v/t51.2885-15/e35/270742727_881290779201120_1097862604047507937_n.jpg?_nc_ht=instagram.ficn3-4.fna.fbcdn.net&_nc_cat=100&_nc_ohc=F31N29aG6WsAX8XRupt&edm=AP_V10EBAAAA&ccb=7-4&oh=00_AT9479Z7EL4xSdiUuEjyDPpLIMbOgzs1FjeA5rvK7GmYqA&oe=61D65C54&_nc_sid=4f375e,2021년 12월 31일,좋아요 116개,"['#서면맛집', '#서면핫플', '#서면맛집추천', '#부산서면맛집', '#서면고기집', '#서면데이트', '#서면술집', '#서면밥집', '#서면고깃집', '#서면회식', '#서면회식장소', '#부전동맛집', '#서면역맛집']"
5,https://instagram.ficn3-4.fna.fbcdn.net/v/t51.2885-15/e35/271045015_613794616395683_1208302079074364403_n.webp.jpg?_nc_ht=instagram.ficn3-4.fna.fbcdn.net&_nc_cat=111&_nc_ohc=C7j_kA5E_ZYAX93KzA8&edm=AP_V10EBAAAA&ccb=7-4&oh=00_AT-9IzXKl8cdETa3YAnrujMIlAOF3DNbRGCu0kPiUDCMng&oe=61D543B7&_nc_sid=4f375e,2021년 12월 31일,좋아요 115개,"['#서면맛집', '#전포동맛집', '#전포맛집', '#전포카페거리', '#전포파스타', '#서면밥집', '#서면파스타', '#서면맛집추천', '#전리단길', '#서면가볼만한곳']"
8,https://instagram.ficn3-4.fna.fbcdn.net/v/t51.2885-15/e35/270259357_631434444644299_4764991975036025082_n.jpg?_nc_ht=instagram.ficn3-4.fna.fbcdn.net&_nc_cat=107&_nc_ohc=Cx8ssZpoTukAX_Weboz&tn=HKTDolnbAVIaIL3o&edm=AP_V10EBAAAA&ccb=7-4&oh=00_AT_jRn_dP9vQQVKTSWTwAnt2ZcjrryRMnC8fPl2SFMAF0Q&oe=61D65569&_nc_sid=4f375e,2021년 12월 31일,좋아요 109개,"['#서면맛집', '#서면맛집추천', '#서면핫플', '#서면핫플레이스', '#서면밥집', '#서면데이트', '#서면맛집베스트', '#서면맛집투어', '#서면가볼만한곳', '#서면파스타맛집', '#전포동맛집']"
9,https://instagram.ficn3-4.fna.fbcdn.net/v/t51.2885-15/e35/270510201_464595478521707_7598153469200814017_n.webp.jpg?_nc_ht=instagram.ficn3-4.fna.fbcdn.net&_nc_cat=111&_nc_ohc=2a4i3DK8Q2gAX8JgeqY&edm=AP_V10EBAAAA&ccb=7-4&oh=00_AT9OxmKJ6Zn6Y1W4A85H27eP32Qt3BLp8c5VzaHUqlJH7A&oe=61D59FD7&_nc_sid=4f375e,2021년 12월 31일,"가장 먼저 
좋아요
를 눌러보세요","['#서면맛집', '#부산맛집', '#부산핫플', '#부산삼겹살', '#서면데이트', '#서면핫플레이스', '#서면밥집', '#서면술집', '#서면맛집추천', '#서면삼겹살']"
10,https://instagram.ficn3-3.fna.fbcdn.net/v/t51.2885-15/e35/270271979_222707983352509_159514638700508473_n.jpg?_nc_ht=instagram.ficn3-3.fna.fbcdn.net&_nc_cat=101&_nc_ohc=XoatODfYMt8AX8bR-MY&tn=HKTDolnbAVIaIL3o&edm=AP_V10EBAAAA&ccb=7-4&oh=00_AT_pKACYC6GLLG4JGLy2gufy-A2fA9Lhkk7evDeSHoT48g&oe=61D64FF8&_nc_sid=4f375e,2021년 12월 31일,"가장 먼저 
좋아요
를 눌러보세요","['#서면맛집', '#부산맛집', '#부산핫플', '#부산삼겹살', '#서면데이트', '#서면핫플레이스', '#서면밥집', '#서면술집', '#서면맛집추천', '#서면삼겹살']"
11,https://instagram.ficn3-3.fna.fbcdn.net/v/t51.2885-15/e35/270292630_1088714398594011_4966169793997502601_n.jpg?_nc_ht=instagram.ficn3-3.fna.fbcdn.net&_nc_cat=103&_nc_ohc=4L6Nqt2e1m0AX-_RP-G&edm=AP_V10EBAAAA&ccb=7-4&oh=00_AT_2qYGLZ9ebp1tT9M-y9J2xNuWDsN3izH-LE_vU1ZKv6g&oe=61D6236B&_nc_sid=4f375e,2021년 12월 31일,"가장 먼저 
좋아요
를 눌러보세요","['#서면맛집', '#부산맛집', '#부산핫플', '#부산삼겹살', '#서면데이트', '#서면핫플레이스', '#서면밥집', '#서면술집', '#서면맛집추천', '#서면삼겹살']"
12,https://instagram.ficn3-3.fna.fbcdn.net/v/t51.2885-15/e35/270424913_582619086168632_7085096575806951229_n.webp.jpg?_nc_ht=instagram.ficn3-3.fna.fbcdn.net&_nc_cat=108&_nc_ohc=sUtRDQU5-vgAX_8e6Ku&edm=AP_V10EBAAAA&ccb=7-4&oh=00_AT98Aw6SD6AkcvuIyF-D4Ua7yWTR0JzRqra6Edn0kto8VA&oe=61D6441B&_nc_sid=4f375e,2021년 12월 31일,"가장 먼저 
좋아요
를 눌러보세요","['#서면맛집', '#부산맛집', '#부산핫플', '#부산삼겹살', '#서면데이트', '#서면핫플레이스', '#서면밥집', '#서면술집', '#서면맛집추천', '#서면삼겹살']"
13,https://instagram.ficn3-4.fna.fbcdn.net/v/t51.2885-15/e35/270200277_935678577086302_1233714736665107803_n.jpg?_nc_ht=instagram.ficn3-4.fna.fbcdn.net&_nc_cat=110&_nc_ohc=QYJ8v9BxU6kAX_3WgQM&tn=HKTDolnbAVIaIL3o&edm=AP_V10EBAAAA&ccb=7-4&oh=00_AT8jWVznIIz1V3nZ_ISv-wPFmrYQdCPsrdetCCIhOO7ZIA&oe=61D4ED37&_nc_sid=4f375e,2021년 12월 31일,"가장 먼저 
좋아요
를 눌러보세요","['#서면맛집', '#부산맛집', '#부산핫플', '#부산삼겹살', '#서면데이트', '#서면핫플레이스', '#서면밥집', '#서면술집', '#서면맛집추천', '#서면삼겹살']"
14,https://instagram.ficn3-4.fna.fbcdn.net/v/t51.2885-15/e35/s1080x1080/270879309_1111707906298823_350166648869538941_n.jpg?_nc_ht=instagram.ficn3-4.fna.fbcdn.net&_nc_cat=111&_nc_ohc=PIloMrC5yp0AX-1HN6_&edm=AP_V10EBAAAA&ccb=7-4&oh=00_AT81NFR4MP0kVtHcwzsYA0EDB_pDO4A_zV8Rya1RI7W9iQ&oe=61D5C1B3&_nc_sid=4f375e,2021년 12월 31일,"가장 먼저 
좋아요
를 눌러보세요","['#첫줄안녕', '#뷰티핸즈', '#이벤트아트', '#타샵젤제거', '#당일예약가능', '#연중무휴네일샵', '#3인동시시술가능', '#원컬러네일', '#원컬러패디', '#속눈썹펌', '#속눈썹연장', '#할인이벤트', '#뷰티핸즈', '#연중무휴', '#4인동시시술가능', '#당일예약가능', '#서면네일아트', '#서면젤네일싼곳', '#서면네일싼곳', '#서면네일', '#서면맛집', '#서면당일예약네일샵', '#젤네일잘하는곳', '#당감동네일', '#부전동네일', '#전포동네일', '#연산동네일', '#서면젤네일추천']"
15,https://instagram.ficn3-4.fna.fbcdn.net/v/t51.2885-15/e35/s1080x1080/270749615_143221334745058_6926018354490872866_n.jpg?_nc_ht=instagram.ficn3-4.fna.fbcdn.net&_nc_cat=110&_nc_ohc=bIBzIau8RMAAX-ECYOe&tn=HKTDolnbAVIaIL3o&edm=AP_V10EBAAAA&ccb=7-4&oh=00_AT_IlhsEC4CGKM60IZslzVbs4nzRx0imVNvzWirrRtSl9Q&oe=61D54706&_nc_sid=4f375e,2021년 12월 31일,좋아요 9개,[]
16,https://instagram.ficn3-3.fna.fbcdn.net/v/t51.2885-15/e35/s1080x1080/270295745_1579314289069502_540149298788784402_n.jpg?_nc_ht=instagram.ficn3-3.fna.fbcdn.net&_nc_cat=102&_nc_ohc=tCBXr5fXIgYAX8bWY1c&edm=AP_V10EBAAAA&ccb=7-4&oh=00_AT-Xh57jBQrU67aaNDv3W1T75DYGVQXTjVWObdT65AdRZg&oe=61D615BF&_nc_sid=4f375e,2021년 12월 31일,좋아요 1개,"['#냉삼제주집', '#부산맛집', '#서면맛집', '#서면냉삼', '#냉삼맛집', '#서면맛집추천', '#서면', '#서면핫플', '#서면고기집']"
17,https://instagram.ficn3-3.fna.fbcdn.net/v/t51.2885-15/e35/s1080x1080/270202470_1400670013681898_544216331445570734_n.jpg?_nc_ht=instagram.ficn3-3.fna.fbcdn.net&_nc_cat=102&_nc_ohc=PJaZE9Cbha4AX_kg5dC&tn=HKTDolnbAVIaIL3o&edm=AP_V10EBAAAA&ccb=7-4&oh=00_AT_bEBg0telQS4BoIZkxZRrPxL0_RxS8KOvQELpAp_82lA&oe=61D48D56&_nc_sid=4f375e,2021년 12월 31일,좋아요 1개,"['#컨트리맨즈', '#서면맛집']"
18,https://instagram.ficn3-3.fna.fbcdn.net/v/t51.2885-15/e35/270061149_625362262133511_6955555269669776039_n.jpg?_nc_ht=instagram.ficn3-3.fna.fbcdn.net&_nc_cat=103&_nc_ohc=0wBvkpdIf24AX8SYHBM&tn=HKTDolnbAVIaIL3o&edm=AP_V10EBAAAA&ccb=7-4&oh=00_AT-yo-qURsFqQGGR-uJSluCPiIZEkHPEYRjzWedvt_VTmA&oe=61D51D9C&_nc_sid=4f375e,2021년 12월 31일,좋아요 1개,[]
19,https://instagram.ficn3-4.fna.fbcdn.net/v/t51.2885-15/e35/s1080x1080/271040827_318528866845315_5204699757939854349_n.jpg?_nc_ht=instagram.ficn3-4.fna.fbcdn.net&_nc_cat=107&_nc_ohc=Ys-uAOuPNOoAX8tN4Jn&edm=AP_V10EBAAAA&ccb=7-4&oh=00_AT9sM1aqE82dpP-pxW3UxvU8Ss3J8qYpy1OZB02ir4MwbA&oe=61D5132E&_nc_sid=4f375e,2021년 12월 31일,좋아요 10개,"['#사천맛집', '#코인투자', '#follow', '#남포동', '#투자', '#코린이', '#서면', '#ootd', '#비트코인', '#주식스타그램', '#소통', '#팔로잉', '#사천', '#먹팔', '#좋아요', '#좋아요반사', '#선팔하면맞팔', '#선팔', '#좋반테러', '#부산카페', '#먹스타그램', '#홍대', '#진주', '#서면맛집', '#매매일지', '#팔로우', '#맞팔', '#가상화폐', '#부산맛집', '#following']"
